{"__symbolic":"module","version":4,"exports":[{"from":"devextreme-angular/core"},{"from":"devextreme-angular/ui/accordion"},{"from":"devextreme-angular/ui/action-sheet"},{"from":"devextreme-angular/ui/autocomplete"},{"from":"devextreme-angular/ui/bar-gauge"},{"from":"devextreme-angular/ui/box"},{"from":"devextreme-angular/ui/bullet"},{"from":"devextreme-angular/ui/button-group"},{"from":"devextreme-angular/ui/button"},{"from":"devextreme-angular/ui/calendar"},{"from":"devextreme-angular/ui/chart"},{"from":"devextreme-angular/ui/check-box"},{"from":"devextreme-angular/ui/circular-gauge"},{"from":"devextreme-angular/ui/color-box"},{"from":"devextreme-angular/ui/context-menu"},{"from":"devextreme-angular/ui/data-grid"},{"from":"devextreme-angular/ui/date-box"},{"from":"devextreme-angular/ui/defer-rendering"},{"from":"devextreme-angular/ui/diagram"},{"from":"devextreme-angular/ui/draggable"},{"from":"devextreme-angular/ui/drawer"},{"from":"devextreme-angular/ui/drop-down-box"},{"from":"devextreme-angular/ui/drop-down-button"},{"from":"devextreme-angular/ui/file-manager"},{"from":"devextreme-angular/ui/file-uploader"},{"from":"devextreme-angular/ui/filter-builder"},{"from":"devextreme-angular/ui/form"},{"from":"devextreme-angular/ui/funnel"},{"from":"devextreme-angular/ui/gallery"},{"from":"devextreme-angular/ui/gantt"},{"from":"devextreme-angular/ui/html-editor"},{"from":"devextreme-angular/ui/linear-gauge"},{"from":"devextreme-angular/ui/list"},{"from":"devextreme-angular/ui/load-indicator"},{"from":"devextreme-angular/ui/load-panel"},{"from":"devextreme-angular/ui/lookup"},{"from":"devextreme-angular/ui/map"},{"from":"devextreme-angular/ui/menu"},{"from":"devextreme-angular/ui/multi-view"},{"from":"devextreme-angular/ui/nav-bar"},{"from":"devextreme-angular/ui/number-box"},{"from":"devextreme-angular/ui/pie-chart"},{"from":"devextreme-angular/ui/pivot-grid-field-chooser"},{"from":"devextreme-angular/ui/pivot-grid"},{"from":"devextreme-angular/ui/polar-chart"},{"from":"devextreme-angular/ui/popover"},{"from":"devextreme-angular/ui/popup"},{"from":"devextreme-angular/ui/progress-bar"},{"from":"devextreme-angular/ui/radio-group"},{"from":"devextreme-angular/ui/range-selector"},{"from":"devextreme-angular/ui/range-slider"},{"from":"devextreme-angular/ui/recurrence-editor"},{"from":"devextreme-angular/ui/resizable"},{"from":"devextreme-angular/ui/responsive-box"},{"from":"devextreme-angular/ui/sankey"},{"from":"devextreme-angular/ui/scheduler"},{"from":"devextreme-angular/ui/scroll-view"},{"from":"devextreme-angular/ui/select-box"},{"from":"devextreme-angular/ui/slide-out-view"},{"from":"devextreme-angular/ui/slide-out"},{"from":"devextreme-angular/ui/slider"},{"from":"devextreme-angular/ui/sortable"},{"from":"devextreme-angular/ui/sparkline"},{"from":"devextreme-angular/ui/speed-dial-action"},{"from":"devextreme-angular/ui/switch"},{"from":"devextreme-angular/ui/tab-panel"},{"from":"devextreme-angular/ui/tabs"},{"from":"devextreme-angular/ui/tag-box"},{"from":"devextreme-angular/ui/text-area"},{"from":"devextreme-angular/ui/text-box"},{"from":"devextreme-angular/ui/tile-view"},{"from":"devextreme-angular/ui/toast"},{"from":"devextreme-angular/ui/toolbar"},{"from":"devextreme-angular/ui/tooltip"},{"from":"devextreme-angular/ui/tree-list"},{"from":"devextreme-angular/ui/tree-map"},{"from":"devextreme-angular/ui/tree-view"},{"from":"devextreme-angular/ui/validation-group"},{"from":"devextreme-angular/ui/validation-summary"},{"from":"devextreme-angular/ui/validator"},{"from":"devextreme-angular/ui/vector-map"}],"metadata":{"DevExtremeModule":{"__symbolic":"class","decorators":[{"__symbolic":"call","expression":{"__symbolic":"reference","module":"@angular/core","name":"NgModule","line":96,"character":1},"arguments":[{"imports":[{"__symbolic":"reference","module":"devextreme-angular/ui/accordion","name":"DxAccordionModule","line":98,"character":4},{"__symbolic":"reference","module":"devextreme-angular/ui/action-sheet","name":"DxActionSheetModule","line":99,"character":4},{"__symbolic":"reference","module":"devextreme-angular/ui/autocomplete","name":"DxAutocompleteModule","line":100,"character":4},{"__symbolic":"reference","module":"devextreme-angular/ui/bar-gauge","name":"DxBarGaugeModule","line":101,"character":4},{"__symbolic":"reference","module":"devextreme-angular/ui/box","name":"DxBoxModule","line":102,"character":4},{"__symbolic":"reference","module":"devextreme-angular/ui/bullet","name":"DxBulletModule","line":103,"character":4},{"__symbolic":"reference","module":"devextreme-angular/ui/button","name":"DxButtonModule","line":104,"character":4},{"__symbolic":"reference","module":"devextreme-angular/ui/button-group","name":"DxButtonGroupModule","line":105,"character":4},{"__symbolic":"reference","module":"devextreme-angular/ui/calendar","name":"DxCalendarModule","line":106,"character":4},{"__symbolic":"reference","module":"devextreme-angular/ui/chart","name":"DxChartModule","line":107,"character":4},{"__symbolic":"reference","module":"devextreme-angular/ui/check-box","name":"DxCheckBoxModule","line":108,"character":4},{"__symbolic":"reference","module":"devextreme-angular/ui/circular-gauge","name":"DxCircularGaugeModule","line":109,"character":4},{"__symbolic":"reference","module":"devextreme-angular/ui/color-box","name":"DxColorBoxModule","line":110,"character":4},{"__symbolic":"reference","module":"devextreme-angular/ui/context-menu","name":"DxContextMenuModule","line":111,"character":4},{"__symbolic":"reference","module":"devextreme-angular/ui/data-grid","name":"DxDataGridModule","line":112,"character":4},{"__symbolic":"reference","module":"devextreme-angular/ui/date-box","name":"DxDateBoxModule","line":113,"character":4},{"__symbolic":"reference","module":"devextreme-angular/ui/defer-rendering","name":"DxDeferRenderingModule","line":114,"character":4},{"__symbolic":"reference","module":"devextreme-angular/ui/diagram","name":"DxDiagramModule","line":115,"character":4},{"__symbolic":"reference","module":"devextreme-angular/ui/draggable","name":"DxDraggableModule","line":116,"character":4},{"__symbolic":"reference","module":"devextreme-angular/ui/drawer","name":"DxDrawerModule","line":117,"character":4},{"__symbolic":"reference","module":"devextreme-angular/ui/drop-down-box","name":"DxDropDownBoxModule","line":118,"character":4},{"__symbolic":"reference","module":"devextreme-angular/ui/drop-down-button","name":"DxDropDownButtonModule","line":119,"character":4},{"__symbolic":"reference","module":"devextreme-angular/ui/file-manager","name":"DxFileManagerModule","line":120,"character":4},{"__symbolic":"reference","module":"devextreme-angular/ui/file-uploader","name":"DxFileUploaderModule","line":121,"character":4},{"__symbolic":"reference","module":"devextreme-angular/ui/filter-builder","name":"DxFilterBuilderModule","line":122,"character":4},{"__symbolic":"reference","module":"devextreme-angular/ui/form","name":"DxFormModule","line":123,"character":4},{"__symbolic":"reference","module":"devextreme-angular/ui/funnel","name":"DxFunnelModule","line":124,"character":4},{"__symbolic":"reference","module":"devextreme-angular/ui/gallery","name":"DxGalleryModule","line":125,"character":4},{"__symbolic":"reference","module":"devextreme-angular/ui/gantt","name":"DxGanttModule","line":126,"character":4},{"__symbolic":"reference","module":"devextreme-angular/ui/html-editor","name":"DxHtmlEditorModule","line":127,"character":4},{"__symbolic":"reference","module":"devextreme-angular/ui/linear-gauge","name":"DxLinearGaugeModule","line":128,"character":4},{"__symbolic":"reference","module":"devextreme-angular/ui/list","name":"DxListModule","line":129,"character":4},{"__symbolic":"reference","module":"devextreme-angular/ui/load-indicator","name":"DxLoadIndicatorModule","line":130,"character":4},{"__symbolic":"reference","module":"devextreme-angular/ui/load-panel","name":"DxLoadPanelModule","line":131,"character":4},{"__symbolic":"reference","module":"devextreme-angular/ui/lookup","name":"DxLookupModule","line":132,"character":4},{"__symbolic":"reference","module":"devextreme-angular/ui/map","name":"DxMapModule","line":133,"character":4},{"__symbolic":"reference","module":"devextreme-angular/ui/menu","name":"DxMenuModule","line":134,"character":4},{"__symbolic":"reference","module":"devextreme-angular/ui/multi-view","name":"DxMultiViewModule","line":135,"character":4},{"__symbolic":"reference","module":"devextreme-angular/ui/nav-bar","name":"DxNavBarModule","line":136,"character":4},{"__symbolic":"reference","module":"devextreme-angular/ui/number-box","name":"DxNumberBoxModule","line":137,"character":4},{"__symbolic":"reference","module":"devextreme-angular/ui/pie-chart","name":"DxPieChartModule","line":138,"character":4},{"__symbolic":"reference","module":"devextreme-angular/ui/pivot-grid","name":"DxPivotGridModule","line":139,"character":4},{"__symbolic":"reference","module":"devextreme-angular/ui/pivot-grid-field-chooser","name":"DxPivotGridFieldChooserModule","line":140,"character":4},{"__symbolic":"reference","module":"devextreme-angular/ui/polar-chart","name":"DxPolarChartModule","line":141,"character":4},{"__symbolic":"reference","module":"devextreme-angular/ui/popover","name":"DxPopoverModule","line":142,"character":4},{"__symbolic":"reference","module":"devextreme-angular/ui/popup","name":"DxPopupModule","line":143,"character":4},{"__symbolic":"reference","module":"devextreme-angular/ui/progress-bar","name":"DxProgressBarModule","line":144,"character":4},{"__symbolic":"reference","module":"devextreme-angular/ui/radio-group","name":"DxRadioGroupModule","line":145,"character":4},{"__symbolic":"reference","module":"devextreme-angular/ui/range-selector","name":"DxRangeSelectorModule","line":146,"character":4},{"__symbolic":"reference","module":"devextreme-angular/ui/range-slider","name":"DxRangeSliderModule","line":147,"character":4},{"__symbolic":"reference","module":"devextreme-angular/ui/recurrence-editor","name":"DxRecurrenceEditorModule","line":148,"character":4},{"__symbolic":"reference","module":"devextreme-angular/ui/resizable","name":"DxResizableModule","line":149,"character":4},{"__symbolic":"reference","module":"devextreme-angular/ui/responsive-box","name":"DxResponsiveBoxModule","line":150,"character":4},{"__symbolic":"reference","module":"devextreme-angular/ui/sankey","name":"DxSankeyModule","line":151,"character":4},{"__symbolic":"reference","module":"devextreme-angular/ui/scheduler","name":"DxSchedulerModule","line":152,"character":4},{"__symbolic":"reference","module":"devextreme-angular/ui/scroll-view","name":"DxScrollViewModule","line":153,"character":4},{"__symbolic":"reference","module":"devextreme-angular/ui/select-box","name":"DxSelectBoxModule","line":154,"character":4},{"__symbolic":"reference","module":"devextreme-angular/ui/slide-out","name":"DxSlideOutModule","line":155,"character":4},{"__symbolic":"reference","module":"devextreme-angular/ui/slide-out-view","name":"DxSlideOutViewModule","line":156,"character":4},{"__symbolic":"reference","module":"devextreme-angular/ui/slider","name":"DxSliderModule","line":157,"character":4},{"__symbolic":"reference","module":"devextreme-angular/ui/sortable","name":"DxSortableModule","line":158,"character":4},{"__symbolic":"reference","module":"devextreme-angular/ui/sparkline","name":"DxSparklineModule","line":159,"character":4},{"__symbolic":"reference","module":"devextreme-angular/ui/speed-dial-action","name":"DxSpeedDialActionModule","line":160,"character":4},{"__symbolic":"reference","module":"devextreme-angular/ui/switch","name":"DxSwitchModule","line":161,"character":4},{"__symbolic":"reference","module":"devextreme-angular/ui/tab-panel","name":"DxTabPanelModule","line":162,"character":4},{"__symbolic":"reference","module":"devextreme-angular/ui/tabs","name":"DxTabsModule","line":163,"character":4},{"__symbolic":"reference","module":"devextreme-angular/ui/tag-box","name":"DxTagBoxModule","line":164,"character":4},{"__symbolic":"reference","module":"devextreme-angular/ui/text-area","name":"DxTextAreaModule","line":165,"character":4},{"__symbolic":"reference","module":"devextreme-angular/ui/text-box","name":"DxTextBoxModule","line":166,"character":4},{"__symbolic":"reference","module":"devextreme-angular/ui/tile-view","name":"DxTileViewModule","line":167,"character":4},{"__symbolic":"reference","module":"devextreme-angular/ui/toast","name":"DxToastModule","line":168,"character":4},{"__symbolic":"reference","module":"devextreme-angular/ui/toolbar","name":"DxToolbarModule","line":169,"character":4},{"__symbolic":"reference","module":"devextreme-angular/ui/tooltip","name":"DxTooltipModule","line":170,"character":4},{"__symbolic":"reference","module":"devextreme-angular/ui/tree-list","name":"DxTreeListModule","line":171,"character":4},{"__symbolic":"reference","module":"devextreme-angular/ui/tree-map","name":"DxTreeMapModule","line":172,"character":4},{"__symbolic":"reference","module":"devextreme-angular/ui/tree-view","name":"DxTreeViewModule","line":173,"character":4},{"__symbolic":"reference","module":"devextreme-angular/ui/validation-group","name":"DxValidationGroupModule","line":174,"character":4},{"__symbolic":"reference","module":"devextreme-angular/ui/validation-summary","name":"DxValidationSummaryModule","line":175,"character":4},{"__symbolic":"reference","module":"devextreme-angular/ui/validator","name":"DxValidatorModule","line":176,"character":4},{"__symbolic":"reference","module":"devextreme-angular/ui/vector-map","name":"DxVectorMapModule","line":177,"character":4},{"__symbolic":"reference","module":"devextreme-angular/core","name":"DxTemplateModule","line":178,"character":4}],"exports":[{"__symbolic":"reference","module":"devextreme-angular/ui/accordion","name":"DxAccordionModule","line":181,"character":4},{"__symbolic":"reference","module":"devextreme-angular/ui/action-sheet","name":"DxActionSheetModule","line":182,"character":4},{"__symbolic":"reference","module":"devextreme-angular/ui/autocomplete","name":"DxAutocompleteModule","line":183,"character":4},{"__symbolic":"reference","module":"devextreme-angular/ui/bar-gauge","name":"DxBarGaugeModule","line":184,"character":4},{"__symbolic":"reference","module":"devextreme-angular/ui/box","name":"DxBoxModule","line":185,"character":4},{"__symbolic":"reference","module":"devextreme-angular/ui/bullet","name":"DxBulletModule","line":186,"character":4},{"__symbolic":"reference","module":"devextreme-angular/ui/button","name":"DxButtonModule","line":187,"character":4},{"__symbolic":"reference","module":"devextreme-angular/ui/button-group","name":"DxButtonGroupModule","line":188,"character":4},{"__symbolic":"reference","module":"devextreme-angular/ui/calendar","name":"DxCalendarModule","line":189,"character":4},{"__symbolic":"reference","module":"devextreme-angular/ui/chart","name":"DxChartModule","line":190,"character":4},{"__symbolic":"reference","module":"devextreme-angular/ui/check-box","name":"DxCheckBoxModule","line":191,"character":4},{"__symbolic":"reference","module":"devextreme-angular/ui/circular-gauge","name":"DxCircularGaugeModule","line":192,"character":4},{"__symbolic":"reference","module":"devextreme-angular/ui/color-box","name":"DxColorBoxModule","line":193,"character":4},{"__symbolic":"reference","module":"devextreme-angular/ui/context-menu","name":"DxContextMenuModule","line":194,"character":4},{"__symbolic":"reference","module":"devextreme-angular/ui/data-grid","name":"DxDataGridModule","line":195,"character":4},{"__symbolic":"reference","module":"devextreme-angular/ui/date-box","name":"DxDateBoxModule","line":196,"character":4},{"__symbolic":"reference","module":"devextreme-angular/ui/defer-rendering","name":"DxDeferRenderingModule","line":197,"character":4},{"__symbolic":"reference","module":"devextreme-angular/ui/diagram","name":"DxDiagramModule","line":198,"character":4},{"__symbolic":"reference","module":"devextreme-angular/ui/draggable","name":"DxDraggableModule","line":199,"character":4},{"__symbolic":"reference","module":"devextreme-angular/ui/drawer","name":"DxDrawerModule","line":200,"character":4},{"__symbolic":"reference","module":"devextreme-angular/ui/drop-down-box","name":"DxDropDownBoxModule","line":201,"character":4},{"__symbolic":"reference","module":"devextreme-angular/ui/drop-down-button","name":"DxDropDownButtonModule","line":202,"character":4},{"__symbolic":"reference","module":"devextreme-angular/ui/file-manager","name":"DxFileManagerModule","line":203,"character":4},{"__symbolic":"reference","module":"devextreme-angular/ui/file-uploader","name":"DxFileUploaderModule","line":204,"character":4},{"__symbolic":"reference","module":"devextreme-angular/ui/filter-builder","name":"DxFilterBuilderModule","line":205,"character":4},{"__symbolic":"reference","module":"devextreme-angular/ui/form","name":"DxFormModule","line":206,"character":4},{"__symbolic":"reference","module":"devextreme-angular/ui/funnel","name":"DxFunnelModule","line":207,"character":4},{"__symbolic":"reference","module":"devextreme-angular/ui/gallery","name":"DxGalleryModule","line":208,"character":4},{"__symbolic":"reference","module":"devextreme-angular/ui/gantt","name":"DxGanttModule","line":209,"character":4},{"__symbolic":"reference","module":"devextreme-angular/ui/html-editor","name":"DxHtmlEditorModule","line":210,"character":4},{"__symbolic":"reference","module":"devextreme-angular/ui/linear-gauge","name":"DxLinearGaugeModule","line":211,"character":4},{"__symbolic":"reference","module":"devextreme-angular/ui/list","name":"DxListModule","line":212,"character":4},{"__symbolic":"reference","module":"devextreme-angular/ui/load-indicator","name":"DxLoadIndicatorModule","line":213,"character":4},{"__symbolic":"reference","module":"devextreme-angular/ui/load-panel","name":"DxLoadPanelModule","line":214,"character":4},{"__symbolic":"reference","module":"devextreme-angular/ui/lookup","name":"DxLookupModule","line":215,"character":4},{"__symbolic":"reference","module":"devextreme-angular/ui/map","name":"DxMapModule","line":216,"character":4},{"__symbolic":"reference","module":"devextreme-angular/ui/menu","name":"DxMenuModule","line":217,"character":4},{"__symbolic":"reference","module":"devextreme-angular/ui/multi-view","name":"DxMultiViewModule","line":218,"character":4},{"__symbolic":"reference","module":"devextreme-angular/ui/nav-bar","name":"DxNavBarModule","line":219,"character":4},{"__symbolic":"reference","module":"devextreme-angular/ui/number-box","name":"DxNumberBoxModule","line":220,"character":4},{"__symbolic":"reference","module":"devextreme-angular/ui/pie-chart","name":"DxPieChartModule","line":221,"character":4},{"__symbolic":"reference","module":"devextreme-angular/ui/pivot-grid","name":"DxPivotGridModule","line":222,"character":4},{"__symbolic":"reference","module":"devextreme-angular/ui/pivot-grid-field-chooser","name":"DxPivotGridFieldChooserModule","line":223,"character":4},{"__symbolic":"reference","module":"devextreme-angular/ui/polar-chart","name":"DxPolarChartModule","line":224,"character":4},{"__symbolic":"reference","module":"devextreme-angular/ui/popover","name":"DxPopoverModule","line":225,"character":4},{"__symbolic":"reference","module":"devextreme-angular/ui/popup","name":"DxPopupModule","line":226,"character":4},{"__symbolic":"reference","module":"devextreme-angular/ui/progress-bar","name":"DxProgressBarModule","line":227,"character":4},{"__symbolic":"reference","module":"devextreme-angular/ui/radio-group","name":"DxRadioGroupModule","line":228,"character":4},{"__symbolic":"reference","module":"devextreme-angular/ui/range-selector","name":"DxRangeSelectorModule","line":229,"character":4},{"__symbolic":"reference","module":"devextreme-angular/ui/range-slider","name":"DxRangeSliderModule","line":230,"character":4},{"__symbolic":"reference","module":"devextreme-angular/ui/recurrence-editor","name":"DxRecurrenceEditorModule","line":231,"character":4},{"__symbolic":"reference","module":"devextreme-angular/ui/resizable","name":"DxResizableModule","line":232,"character":4},{"__symbolic":"reference","module":"devextreme-angular/ui/responsive-box","name":"DxResponsiveBoxModule","line":233,"character":4},{"__symbolic":"reference","module":"devextreme-angular/ui/sankey","name":"DxSankeyModule","line":234,"character":4},{"__symbolic":"reference","module":"devextreme-angular/ui/scheduler","name":"DxSchedulerModule","line":235,"character":4},{"__symbolic":"reference","module":"devextreme-angular/ui/scroll-view","name":"DxScrollViewModule","line":236,"character":4},{"__symbolic":"reference","module":"devextreme-angular/ui/select-box","name":"DxSelectBoxModule","line":237,"character":4},{"__symbolic":"reference","module":"devextreme-angular/ui/slide-out","name":"DxSlideOutModule","line":238,"character":4},{"__symbolic":"reference","module":"devextreme-angular/ui/slide-out-view","name":"DxSlideOutViewModule","line":239,"character":4},{"__symbolic":"reference","module":"devextreme-angular/ui/slider","name":"DxSliderModule","line":240,"character":4},{"__symbolic":"reference","module":"devextreme-angular/ui/sortable","name":"DxSortableModule","line":241,"character":4},{"__symbolic":"reference","module":"devextreme-angular/ui/sparkline","name":"DxSparklineModule","line":242,"character":4},{"__symbolic":"reference","module":"devextreme-angular/ui/speed-dial-action","name":"DxSpeedDialActionModule","line":243,"character":4},{"__symbolic":"reference","module":"devextreme-angular/ui/switch","name":"DxSwitchModule","line":244,"character":4},{"__symbolic":"reference","module":"devextreme-angular/ui/tab-panel","name":"DxTabPanelModule","line":245,"character":4},{"__symbolic":"reference","module":"devextreme-angular/ui/tabs","name":"DxTabsModule","line":246,"character":4},{"__symbolic":"reference","module":"devextreme-angular/ui/tag-box","name":"DxTagBoxModule","line":247,"character":4},{"__symbolic":"reference","module":"devextreme-angular/ui/text-area","name":"DxTextAreaModule","line":248,"character":4},{"__symbolic":"reference","module":"devextreme-angular/ui/text-box","name":"DxTextBoxModule","line":249,"character":4},{"__symbolic":"reference","module":"devextreme-angular/ui/tile-view","name":"DxTileViewModule","line":250,"character":4},{"__symbolic":"reference","module":"devextreme-angular/ui/toast","name":"DxToastModule","line":251,"character":4},{"__symbolic":"reference","module":"devextreme-angular/ui/toolbar","name":"DxToolbarModule","line":252,"character":4},{"__symbolic":"reference","module":"devextreme-angular/ui/tooltip","name":"DxTooltipModule","line":253,"character":4},{"__symbolic":"reference","module":"devextreme-angular/ui/tree-list","name":"DxTreeListModule","line":254,"character":4},{"__symbolic":"reference","module":"devextreme-angular/ui/tree-map","name":"DxTreeMapModule","line":255,"character":4},{"__symbolic":"reference","module":"devextreme-angular/ui/tree-view","name":"DxTreeViewModule","line":256,"character":4},{"__symbolic":"reference","module":"devextreme-angular/ui/validation-group","name":"DxValidationGroupModule","line":257,"character":4},{"__symbolic":"reference","module":"devextreme-angular/ui/validation-summary","name":"DxValidationSummaryModule","line":258,"character":4},{"__symbolic":"reference","module":"devextreme-angular/ui/validator","name":"DxValidatorModule","line":259,"character":4},{"__symbolic":"reference","module":"devextreme-angular/ui/vector-map","name":"DxVectorMapModule","line":260,"character":4},{"__symbolic":"reference","module":"devextreme-angular/core","name":"DxTemplateModule","line":261,"character":4}]}]}],"members":{}}},"origins":{"DevExtremeModule":"./ui/all"},"importAs":"devextreme-angular"}