{"__symbolic":"module","version":4,"metadata":{"getServerStateKey":{"__symbolic":"error","message":"Lambda not supported","line":47,"character":33,"module":"./component"},"DxComponent":{"__symbolic":"class","members":{"_initTemplates":[{"__symbolic":"method"}],"_initEvents":[{"__symbolic":"method"}],"_initOptions":[{"__symbolic":"method"}],"_initPlatform":[{"__symbolic":"method"}],"_createEventEmitters":[{"__symbolic":"method"}],"_shouldOptionChange":[{"__symbolic":"method"}],"clearChangedOptions":[{"__symbolic":"method"}],"_getOption":[{"__symbolic":"method"}],"lockWidgetUpdate":[{"__symbolic":"method"}],"unlockWidgetUpdate":[{"__symbolic":"method"}],"_setOption":[{"__symbolic":"method"}],"_createInstance":[{"__symbolic":"method"}],"_createWidget":[{"__symbolic":"method"}],"_destroyWidget":[{"__symbolic":"method"}],"__ctor__":[{"__symbolic":"constructor","parameterDecorators":[null,null,null,null,null,[{"__symbolic":"call","expression":{"__symbolic":"reference","module":"@angular/core","name":"Inject","line":202,"character":9},"arguments":[{"__symbolic":"reference","module":"@angular/core","name":"PLATFORM_ID","line":202,"character":16}]}]],"parameters":[{"__symbolic":"reference","module":"@angular/core","name":"ElementRef","line":197,"character":35},{"__symbolic":"reference","module":"@angular/core","name":"NgZone","line":198,"character":24},{"__symbolic":"reference","name":"DxTemplateHost"},{"__symbolic":"reference","name":"WatcherHelper"},{"__symbolic":"reference","module":"@angular/platform-browser","name":"TransferState","line":201,"character":31},{"__symbolic":"reference","name":"any"}]}],"ngOnChanges":[{"__symbolic":"method"}],"ngOnInit":[{"__symbolic":"method"}],"ngDoCheck":[{"__symbolic":"method"}],"ngAfterContentChecked":[{"__symbolic":"method"}],"ngAfterViewInit":[{"__symbolic":"method"}],"applyOptions":[{"__symbolic":"method"}],"resetOptions":[{"__symbolic":"method"}],"isRecreated":[{"__symbolic":"method"}],"setTemplate":[{"__symbolic":"method"}],"setChildren":[{"__symbolic":"method"}]}},"DxComponentExtension":{"__symbolic":"class","extends":{"__symbolic":"reference","name":"DxComponent"},"members":{"createInstance":[{"__symbolic":"method"}],"ngOnInit":[{"__symbolic":"method"}],"ngAfterViewInit":[{"__symbolic":"method"}]}},"NgEventsStrategy":{"__symbolic":"class","members":{"__ctor__":[{"__symbolic":"constructor","parameters":[{"__symbolic":"reference","name":"any"},{"__symbolic":"reference","module":"@angular/core","name":"NgZone","line":24,"character":53}]}],"hasEvent":[{"__symbolic":"method"}],"fireEvent":[{"__symbolic":"method"}],"on":[{"__symbolic":"method"}],"off":[{"__symbolic":"method"}],"dispose":[{"__symbolic":"method"}],"addEmitter":[{"__symbolic":"method"}],"getEmitter":[{"__symbolic":"method"}]}},"EmitterHelper":{"__symbolic":"class","members":{"__ctor__":[{"__symbolic":"constructor","parameters":[{"__symbolic":"reference","module":"@angular/core","name":"NgZone","line":24,"character":53},{"__symbolic":"reference","name":"DxComponent"}]}],"fireNgEvent":[{"__symbolic":"method"}],"createEmitters":[{"__symbolic":"method"}]}},"DxIntegrationModule":{"__symbolic":"class","decorators":[{"__symbolic":"call","expression":{"__symbolic":"reference","module":"@angular/core","name":"NgModule","line":108,"character":1},"arguments":[{}]}],"members":{"__ctor__":[{"__symbolic":"constructor","parameterDecorators":[[{"__symbolic":"call","expression":{"__symbolic":"reference","module":"@angular/core","name":"Inject","line":110,"character":17},"arguments":[{"__symbolic":"reference","module":"@angular/common","name":"DOCUMENT","line":110,"character":24}]}],null,[{"__symbolic":"call","expression":{"__symbolic":"reference","module":"@angular/core","name":"Optional","line":110,"character":66}}]],"parameters":[{"__symbolic":"reference","name":"any"},{"__symbolic":"reference","module":"@angular/core","name":"NgZone","line":110,"character":57},{"__symbolic":"reference","module":"@angular/common/http","name":"XhrFactory","line":110,"character":89}]}]}},"IterableDifferHelper":{"__symbolic":"class","decorators":[{"__symbolic":"call","expression":{"__symbolic":"reference","module":"@angular/core","name":"Injectable","line":23,"character":1}}],"members":{"__ctor__":[{"__symbolic":"constructor","parameters":[{"__symbolic":"reference","module":"@angular/core","name":"IterableDiffers","line":29,"character":34}]}],"setHost":[{"__symbolic":"method"}],"setup":[{"__symbolic":"method"}],"setupSingle":[{"__symbolic":"method"}],"getChanges":[{"__symbolic":"method"}],"checkChangedOptions":[{"__symbolic":"method"}],"doCheck":[{"__symbolic":"method"}]}},"INestedOptionContainer":{"__symbolic":"interface"},"IOptionPathGetter":{"__symbolic":"interface"},"BaseNestedOption":{"__symbolic":"class","members":{"_fullOptionPath":[{"__symbolic":"method"}],"__ctor__":[{"__symbolic":"constructor"}],"_optionChangedHandler":[{"__symbolic":"method"}],"_createEventEmitters":[{"__symbolic":"method"}],"_getOption":[{"__symbolic":"method"}],"_setOption":[{"__symbolic":"method"}],"_addRemovedOption":[{"__symbolic":"method"}],"_deleteRemovedOptions":[{"__symbolic":"method"}],"_addRecreatedComponent":[{"__symbolic":"method"}],"_getOptionPath":[{"__symbolic":"method"}],"setHost":[{"__symbolic":"method"}],"setChildren":[{"__symbolic":"method"}],"_filterItems":[{"__symbolic":"method"}]}},"ICollectionNestedOptionContainer":{"__symbolic":"interface"},"CollectionNestedOptionContainerImpl":{"__symbolic":"class","members":{"__ctor__":[{"__symbolic":"constructor","parameters":[{"__symbolic":"reference","name":"Function"},{"__symbolic":"reference","name":"Function"}]}],"setChildren":[{"__symbolic":"method"}]}},"NestedOption":{"__symbolic":"class","extends":{"__symbolic":"reference","name":"BaseNestedOption"},"members":{"setHost":[{"__symbolic":"method"}],"_fullOptionPath":[{"__symbolic":"method"}]}},"ICollectionNestedOption":{"__symbolic":"interface"},"CollectionNestedOption":{"__symbolic":"class","extends":{"__symbolic":"reference","name":"BaseNestedOption"},"members":{"_fullOptionPath":[{"__symbolic":"method"}]}},"IOptionWithTemplate":{"__symbolic":"interface"},"extractTemplate":{"__symbolic":"function"},"NestedOptionHost":{"__symbolic":"class","members":{"getHost":[{"__symbolic":"method"}],"setHost":[{"__symbolic":"method"}],"setNestedOption":[{"__symbolic":"method"}]}},"IDxTemplateHost":{"__symbolic":"interface"},"DxTemplateHost":{"__symbolic":"class","members":{"setHost":[{"__symbolic":"method"}],"setTemplate":[{"__symbolic":"method"}]}},"DX_TEMPLATE_WRAPPER_CLASS":"dx-template-wrapper","RenderData":{"__symbolic":"class","members":{}},"DxTemplateDirective":{"__symbolic":"class","decorators":[{"__symbolic":"call","expression":{"__symbolic":"reference","module":"@angular/core","name":"Directive","line":39,"character":1},"arguments":[{"selector":"[dxTemplate]"}]}],"members":{"dxTemplateOf":[{"__symbolic":"property","decorators":[{"__symbolic":"call","expression":{"__symbolic":"reference","module":"@angular/core","name":"Input","line":43,"character":5}}]}],"__ctor__":[{"__symbolic":"constructor","parameters":[{"__symbolic":"reference","name":"TemplateRef","module":"@angular/core","arguments":[{"__symbolic":"reference","name":"any"}]},{"__symbolic":"reference","module":"@angular/core","name":"ViewContainerRef","line":50,"character":34},{"__symbolic":"reference","name":"DxTemplateHost"},{"__symbolic":"reference","module":"@angular/core","name":"Renderer2","line":52,"character":26},{"__symbolic":"reference","module":"@angular/core","name":"NgZone","line":53,"character":22}]}],"renderTemplate":[{"__symbolic":"method"}],"render":[{"__symbolic":"method"}]}},"DxTemplateModule":{"__symbolic":"class","decorators":[{"__symbolic":"call","expression":{"__symbolic":"reference","module":"@angular/core","name":"NgModule","line":103,"character":1},"arguments":[{"declarations":[{"__symbolic":"reference","name":"DxTemplateDirective"}],"exports":[{"__symbolic":"reference","name":"DxTemplateDirective"}]}]}],"members":{}},"DxServerTransferStateModule":{"__symbolic":"class","decorators":[{"__symbolic":"call","expression":{"__symbolic":"reference","module":"@angular/core","name":"NgModule","line":19,"character":1},"arguments":[{"imports":[{"__symbolic":"reference","module":"@angular/platform-browser","name":"BrowserTransferStateModule","line":21,"character":4}]}]}],"members":{"__ctor__":[{"__symbolic":"constructor","parameterDecorators":[null,[{"__symbolic":"call","expression":{"__symbolic":"reference","module":"@angular/core","name":"Inject","line":26,"character":47},"arguments":[{"__symbolic":"reference","module":"@angular/core","name":"PLATFORM_ID","line":26,"character":54}]}]],"parameters":[{"__symbolic":"reference","module":"@angular/platform-browser","name":"TransferState","line":26,"character":31},{"__symbolic":"reference","name":"any"}]}],"generateKey":[{"__symbolic":"method"}]}},"getElement":{"__symbolic":"function","parameters":["element"],"value":{"__symbolic":"if","condition":{"__symbolic":"select","expression":{"__symbolic":"reference","name":"element"},"member":"get"},"thenExpression":{"__symbolic":"call","expression":{"__symbolic":"select","expression":{"__symbolic":"reference","name":"element"},"member":"get"},"arguments":[0]},"elseExpression":{"__symbolic":"reference","name":"element"}}},"WatcherHelper":{"__symbolic":"class","decorators":[{"__symbolic":"call","expression":{"__symbolic":"reference","module":"@angular/core","name":"Injectable","line":19,"character":1}}],"members":{"getWatchMethod":[{"__symbolic":"method"}],"_isDifferentValues":[{"__symbolic":"method"}],"_toComparable":[{"__symbolic":"method"}],"_checkObjectsFields":[{"__symbolic":"method"}],"checkWatchers":[{"__symbolic":"method"}]}}},"origins":{"getServerStateKey":"./component","DxComponent":"./component","DxComponentExtension":"./component","NgEventsStrategy":"./events-strategy","EmitterHelper":"./events-strategy","DxIntegrationModule":"./integration","IterableDifferHelper":"./iterable-differ-helper","INestedOptionContainer":"./nested-option","IOptionPathGetter":"./nested-option","BaseNestedOption":"./nested-option","ICollectionNestedOptionContainer":"./nested-option","CollectionNestedOptionContainerImpl":"./nested-option","NestedOption":"./nested-option","ICollectionNestedOption":"./nested-option","CollectionNestedOption":"./nested-option","IOptionWithTemplate":"./nested-option","extractTemplate":"./nested-option","NestedOptionHost":"./nested-option","IDxTemplateHost":"./template-host","DxTemplateHost":"./template-host","DX_TEMPLATE_WRAPPER_CLASS":"./template","RenderData":"./template","DxTemplateDirective":"./template","DxTemplateModule":"./template","DxServerTransferStateModule":"./transfer-state","getElement":"./utils","WatcherHelper":"./watcher-helper"},"importAs":"devextreme-angular/core"}